Tanggal,USN,Komen
10/04/2026,Tanyarlfes,"nangis baca ini, ada dokter jantung yang mau mengupayakan kesembuhan pasiennya walau pasiennya peserta BPJS PBI, tapi malah dipecat sepihak sama rumah sakitnya 💚"
10/04/2026,Tanyarlfes,alasan lainya juga gara² vokal membela temen sejawatnya yang dimutasi karena alasan yang gak masuk akal 😔
07/04/2026,@piinkrosies,"disini kan semuanya diduitin wkwkwk harusnya peserta bpjs dapet perlakuan sama dong kan fungsi bpjs buat membantu mereka yang emg harus dibantu bukan malah dipersulit, gada maknanya dong kalo gitu pke bojs juga"
08/04/2026,@mimibuying,"menurutku justru yg bobrok adalah bpjsnya.. jujur rs juga ga jarang rugi karena klaim ke bpjs tuh susah dan berubah2 kebijakannya setiap waktu. ada case misal bulan januari regulasinya A , lalu februari regulasi berubah jadi B, nah kl berkas bln jan baru di klaim bln feb—"
07/04/2026,@AqidaJamal,"Sekalian mau tanya, biaya bpjs mandiri naik 100% ya min? Tagihanku 2x lipat dalam bulan ini, padahal gak ada tunggakan"
08/04/2026,@Turnitin1500,Tapi memang ada bbrp doktor or perawat yg maaf g melayani pasien BPJS dengan baik:( dulu saudaraku sakit gagal ginjal sm dokter disuruh ganti obat yg mahal tapi kata perawatnya obat itu g ada stoknya padahal sebenarnya ada akhirnya dokternya marahin tu perawat didepan saudaraku
10/04/2026,@JukiHoki,Kuliah mahal BPJS gak ada kelas tapi tarifnya mau disesuain ama nominal gaji. Gini amat negara BU.
06/04/2026,@tanyakanrl,"biaya cabut gigi bungsu atas sama bawah tuh sama gak? yang bawah tuh tiduran, yang ini pengennya pake BPJS aja, yang atas satunya miring ke pipi, satunya miring nyender ke gigi gerahamm, rencana yang atas pengennya bayar mandiri ajaa, tapi takut liat harganya 😭"
06/05/2026,@Jaring_UburUbur,"ini ada perubahan kebijakan apa gmna? aku thn 2021 kmren lgsung 2 sih, bhkan nambah 2 gigi geraham yg akarnya udh mati, jdi total cabut 2 gigi bungsu yg impaksi dan 2 gigi geraham, full dicover bpjs"
06/06/2026,@moonyoongi26,"Lahh kok gituu? Aku cabut 4 gigi bungsu di 2024 semuanya full bpjs loh nder? Biaya rongten, op, kontrol lanjutan pun semua dicover. Apa udh beda ya peraturannya?"
05/04/2026,@worksfess,"work! udah 2.5 tahun kerja di company sekarang, tp ga dapet bpjs kes & bpjstk. kalopun mau dapet harus ngajuin sendiri + nunggu approval atasan wkwk. pdhl bs dibilang company gede, cabang jg ada banyak se indo:("
07/04/2026,@worksfess,"work!sender mau tanya ttg bpjs. Sender dulu sewaktu belum kerja, satu KK dapat BPJS PBI, lalu sekarang BPJS nya nonaktif semua. Apa karena sender sekarang sudah kerja, ada gaji umk, sama dapat BPJSTK? Jadi BPJS PBI nya nonaktif?"
05/04/2026,@worksfess,work! guys kalo nomor izin usaha itu adanya di file apa ya? aku pegangnya cuma NIB sama NPWP. ini buat daftar BPJS Kes btw
10/04/2026,@worksfess,Work! Kalo bpjs kes dan ketenagakerjaan seluruhnya ditanggung perusahaan tu kita ga dipotongkah? Soalnya kan setau aku ada brp persen yg dibyr pegawai dan perusahaan atau emg ada yg ditanggung perusahaan semua?
09/04/2026,@worksfess,Work! Aku baru keterima kerja dan BPJS sender mati. Apakah sender harus bayar tagihan BPJS dulu?
01/04/2026,@worksfess,Work! Kalau kita udah kerja beberapa tahun. Diawal sudah dikasih tau dpt bpjs ketenagakerjaan 3 program termasuk yg jht. Baru kemarin tau ternyata cuman didaftarin program jaminan kematian sama kecelakaan kerja aja huft.. mau protesss sebel bgt
06/04/2026,@tanyakanrl,"💚 guys aku ada BPJS rujukan ke dokter di RS buat penyakit dalam sampai Juni, kalau mau buat rujukan buat gigi di RS, harus nunggu yang Juni habis dulu ya waktunya? Ngga bisa barengan? Atau bisa? Makasih 🙏"
06/04/2026,@JhonYohanas,"Kalau beda rujukan bisa buat lagi, bahkan sampai banyak rujukan juga bisa Tapi jangan datang di hari yg sama dengan jadwal kontrol ke Penyakit dalamnya Apa BPJS dan Faskesnya enggak edukasi? Mereka malas edukasi karena takut kapitasinya di potong kali"
06/04/2026,@richviltrumite,baca di berita2 di google dari petinggi bpjs nya bilang bisa kok
06/04/2026,@WidyawatiPuji,"Kalau barengan dalam satu hari setauku gak bisa, itu kata dokter di RS tempat biasa aku periksa, kalau beda hari bisa. Kalau maunya satu hari langsung bisa satu pake bpjs satunya umum"
09/04/2026,@worksfess,"klo ada tawaran work! dibekasi tp gaji under umr, gada bpjs, kerja full smp sabtu 8-6. mending ambil atau sabar aja ya? udh capek nganggur pgn punya uang sendiri krn tabungan udh menipis 😭🙏🏻"
09/04/2026,@MenteriPekerja,PENGEN MARAH MARAH LIAT INI  kok bisa ngasi rincian potongan bpjs kayak gitu semua di bebankan ke pekerja
09/04/2026,@yappingfess,Yap! Maafkan sya dokter bpjs yang tadi jadi bete dan marah krn sya budek 😭🙏
01/04/2026,@tanyarlfes,"guys ini BPJS ngga bisa dinonaktifkan secara mandiri ya, keluarga merasa berat kalo harus bayar tiap bulan "
01/04/2026,@ratusaaann,"Jangan matiin bpjs. Kalo ada kondisi urgent kebantu banget! Maaf tapi kalo kekuargamu golongan tidak mampu ajuin ke dinsos, urus rt rw. Kalo gak bisa masuk PBI turun kelas aja. Aku dari kelas II turun ke kelas III. Sebulan 35rb/orang."
01/04/2026,@totomycat,"Turun kelas aja, atau ganti ke PBI. Bpjs jangan smpe non aktif, buat jaga2. Emang bayar iuran lagi sulit tapi perlu diperhatiin kedepannya, klo dinonaktifkan nanti misalnya amit2 ada kejadian sakit harus dirawat kamu malah lebih kelimpungan soal biayanya nder"
01/04/2026,@feriindrawab18,"Saran sih jangan di nonaktifkan. Jika merasa keberatan bisa turun kelas, ambil kelas yang rendah saja. Mau gimana pelayanan BPJS, tapi ini helpful banget buat kondisi darurat."
01/04/2026,@prilempril,"Turun saja ke kelas 3, lebih ramah kantong. Dalam kondisi darurat BPJS sangat membantu buatku yg g sanggup bayar premi asuransi swasta.. kalau masih tidak sanggup juga daftar buat jd PBI (meskipun susah lolosnya)"
01/04/2026,@gajitaknaiknaik,"Bayar BPJS aja berat, apalagi kalau bayar berobat saat sakit. Tolong sebisa mungkin berusahalah untuk bisa dibayar BPJS nya, karna hari sial gak ada di kalender. Jangan saat ada keluarga sakit dan butuh BPJS, baru bingung gimana biaya berobatnya."
01/04/2026,@RoyLaini12,"ganti kelas 3. bayaran ga mencekik lebih murah daripada rokok legal. mau dijelekin gimanapun, BPJS membantu banget bagi keluarga saya yg ga mampu pakai asuransi swasta atau bayar secara umum."
01/04/2026,@mencobavalid,"coba kalau keberatan datang ke BPJS terdekat nder, bilang keluh kesahnya seperti apa, daripada nanti pas dipakai diitung nunggak terus"
09/04/2026,@hadeshateares,"fyi BPJS Kes sm TK ada porsi karyawan sama perusahaan masing-masing… dan dr data ini pun udh ketauan gaji km berapa tp kalo casenya gini run der cari kerjaan baru kecuali km memang butuh duitnya, aku cuman bisa bilang yg sabar dan kuat ya😭🙏"
09/04/2026,@paleeisme,"tanggal2 e melakukan adegan dewasa (bayar wifi, bpjs, pdam, pgn)"
09/04/2026,@_100801,"sinting anjir perusahaannya, bpjs full potong gaji"
09/04/2026,@valliisaa,"Mau km pejabat atau orang berkepentingan di daerah itu, kalo ga masuk kriteria gawat darurat dan ga sesuai ketentuan BPJS, ya mohon maaf harus mengikuti aturan yg ada. Jangan marah marah nyalahin dokter sama perawatnya dikira ga becus nangani pasien."
09/04/2026,@toamajid,"lagian udah setahun lebih, tahun ini udah ngelewati lebaran alias THR udah cair kenapa ngga resign aja coba? saldo BPJS udah lebih dari 5 juta palingan. resign aja ndut"
09/04/2026,@itsbyu_fajar,Pengajuan klaim bpjs ketenagakerjaan dalam proses. Video call sudah terjadwal. Tapi sudah lewat dari jadwal belum ada video call juga? Gmn?
09/04/2026,@valliisaa,"Kadang jg pasien diberi edukasi kalo kondisinya emang harus ke faskes 1 dulu tetep ngotot minta ditangani di IGD dengan BPJS, kalo ga bisa pake bpjs komplain marah marah. Padahal BPJS jg ada aturannya. "
09/04/2026,@NakesPuskesmas,"Obatnya bener gratis kak meskipun tanpa BPJS, tp pemeriksaan penunjangnya gak semua gratis kak klau gak punya BPJS"
09/04/2026,@apralzolam ,Jadi samsak pasien bpjs🙏🏻. Orang bpjsnya mah kabur xixixi
09/04/2026,@TabatiereMaddok,"Penyebab jaspel telat ya karena gagal klaim BPJS, hak nakes dipake buat nalangin operasional. Kalo kayak gini kok ada yang bilang ""dokter enggak manusiawi"". Sampluk lambene mbik ngomong CANGKEMU KOBONG. Wis ditulungi, dibayari, kok isih ngunek nguneke. 😤"
09/04/2026,@controversweet,Perokok gak layak dapat layanan BPJS.
09/04/2026,@syuluslune,"banyak yg harus ditanggung, jam kerja gk sesuai sm gaji, trs pas sakit juga susah karena mahal, pake bpjs juga dipersulit, miris bgt ya 😭"
09/04/2026,@LBHMasyarakat ,[Penonaktifan Status BPJS Kesehatan PBI: Jalan (Makin) Terjal Pemenuhan Hak atas Kesehatan bagi ODTB]
09/04/2026,@LBHMasyarakat ,Penonaktifan jutaan BPJS Kesehatan (@BPJSKesehatanRI  ) PBI bikin banyak orang baru sadar statusnya hilang saat berobat — termasuk ODTB yang wajib kontrol rutin.
09/04/2026,@LBHMasyarakat ,"Di tengah momen Hari Tuberkulosis Sedunia 2026, kejadian ini justru memperlihatkan betapa rapuhnya akses layanan kesehatan dasar di Indonesia"
09/04/2026,@NakesPuskesmas,"Bayangkan untuk sekedar menjamin penderita TB berobat rutin, bahkan kalau negara mau membayarkan seluruh BPJS Kesehatan Kelas III (Rp 25.500/bulan) untuk menjamin hak terhadap akses kesehatan kepada seluruh penduduk Indonesia yang saat ini berjumlah 287 juta jiwa selama setahun penuh, maka pemerintah hanya perlu menyiapkan anggaran sebesar Rp 87,8 T, atau hanya setara anggaran MBG selama 2,5 bulan."
09/04/2026,@rashifakilla,Abis cerita2 sama temen di kantor lama yg bantuin cowonya ngurusin BPJS sama apply kerjaan buat si cowo krn abis kena layoff. Gila anjir perusahaan2 skrg mana sih yg gak redflag?!
09/04/2026,@ardhiu1,"Temen gw yang magang di RS cerita. Ada dokter bedah yang terpaksa potong gajinya, gara-gara anggaran BPJS ga bisa nutup buat operasi tertentu. "
09/04/2026,@ntsyhwng,Anjim bgt rasanya gw kerja bertahun2 kaga pernah cover BPJS apapun.. Mana under UMR
09/04/2026,@changumss,"Mana aturan bpjs yg suka berubah-ubah. Pernah gagal klaim gara2 diagnosanya KPD (ketuban pecah dini) karena dianggap bukan kasus gawatdarurat, padahal bulan sebelumnya jg masih bisa lolos klaim masa tbtb gak lolos kan aneh."
09/04/2026,@srftitriani,"Sangat menyesali betapa naif nya gue dulu yang gak mengedukasi diri terkait hal ini, yang berujung 4 tahun kerja BPJS Ketenagakerjaan cuma 10jt lebih dikit HAHA. Mana slip gaji sama sama realita nya beda lagi. Padahal kerjanya di NGO yg ngaku2 aktivis."
09/04/2026,@smilingrainp,kenapa sih ke rs tu mahal😭yatau bisa pake bpjs tapi ribet soalnya ada banyak hal yg pengen aku konsultasi
09/04/2026,@indra_kencana ,"Kanker lidah+ merokok+lagi pas kemo Damn, jangan bilang ini bpjs pbi Buang2 anggaran"
09/04/2026,@pras18ter,Bapak sadar ga pemilih bapak udah nyesel pilih gegara ekonomi mandek bahkan tambah parah dan BPJS kesehatan mereka dicabut subsidi nya?
09/04/2026,@BPJSKesehatanRI,"Salam. Silakan bisa pilih menu ""Pengaktifan Kembali Status Kepesertaan"" lalu ""Pindah Jenis Peserta Non Aktif Menjadi PBPU/Mandiri"". Terima kasih. :) -oscar"
09/04/2026,@ayluvmii,BPJS sinting
09/04/2026,@win2wayv,weh parah banget ternyata bener pasien bpjs di skip ges
09/04/2026,@BPJSKesehatanRI,"Sekarang bayar iuran BPJS Kesehatan makin gampang banget. Tinggal aktifin Auto Debit, iuran langsung terbayar otomatis tiap bulan."